id,name,popularity,duration_ms,explicit,artists,id_artists,release_date,danceability,energy,key,loudness,mode,speechiness,acousticness,instrumentalness,liveness,valence,tempo,time_signature
35iwgR4jXetI318WEWsa1Q,Carve,6,126903,0,['Uli'],['45tIt06XoI0Iio4LBEVpls'],1922-02-22,0.645,0.445,0,-13.338,1,0.451,0.674,0.744,0.151,0.127,104.851,3
021ht4sdgPcrDgSk7JTbKY,Capítulo 2.16 - Banquero Anarquista,0,98200,0,['Fernando Pessoa'],['14jtPCOoNZwquk5wd9DxrY'],1922-06-01,0.695,0.263,0,-22.136,1,0.957,0.797,0,0.148,0.655,102.009,1
07A5yehtSnoedViJAZkNnc,Vivo para Quererte - Remasterizado,0,181640,0,['Ignacio Corsini'],['5LiOoJbxVSAMkBS2fUm3X2'],1922-03-21,0.434,0.177,1,-21.18,1,0.0512,0.994,0.0218,0.212,0.457,130.418,5
08FmqUhxtyLTn6pAh6bk45,El Prisionero - Remasterizado,0,176907,0,['Ignacio Corsini'],['5LiOoJbxVSAMkBS2fUm3X2'],1922-03-21,0.321,0.0946,7,-27.961,1,0.0504,0.995,0.918,0.104,0.397,169.98,3
08y9GfoqCWfOGsKdwojr5e,Lady of the Evening,0,163080,0,['Dick Haymes'],['3BiJGZsyX9sJchTqcSA7Su'],1922,0.402,0.158,3,-16.9,0,0.039,0.989,0.13,0.311,0.196,103.22,4
0BRXJHRNGQ3W4v9frnSfhu,Ave Maria,0,178933,0,['Dick Haymes'],['3BiJGZsyX9sJchTqcSA7Su'],1922,0.227,0.261,5,-12.343,1,0.0382,0.994,0.247,0.0977,0.0539,118.891,4
0Dd9ImXtAtGwsmsAD69KZT,La Butte Rouge,0,134467,0,['Francis Marty'],['2nuMRGzeJ5jJEKlfS7rZ0W'],1922,0.51,0.355,4,-12.833,1,0.124,0.965,0,0.155,0.727,85.754,5
0IA0Hju8CAgYfV1hwhidBH,La Java,0,161427,0,['Mistinguett'],['4AxgXfD7ISvJSTObqm4aIE'],1922,0.563,0.184,4,-13.757,1,0.0512,0.993,0.0000155,0.325,0.654,133.088,3
0IgI1UCz84pYeVetnl1lGP,Old Fashioned Girl,0,310073,0,['Greg Fieler'],['5nWlsH5RDgFuRAiDeOFVmf'],1922,0.488,0.475,0,-16.222,0,0.0399,0.62,0.00645,0.107,0.544,139.952,4
0JV4iqw2lSKJaHBQZ0e5zK,Martín Fierro - Remasterizado,0,181173,0,['Ignacio Corsini'],['5LiOoJbxVSAMkBS2fUm3X2'],1922-03-29,0.548,0.0391,6,-23.228,1,0.153,0.996,0.933,0.148,0.612,75.595,3
0OYGe21oScKJfanLyM7daU,Capítulo 2.8 - Banquero Anarquista,0,99100,0,['Fernando Pessoa'],['14jtPCOoNZwquk5wd9DxrY'],1922-06-01,0.676,0.235,11,-22.447,0,0.96,0.794,0,0.21,0.724,96.777,3
0PE42H6tslQuyMMiGRiqtb,Capítulo 2.25 - Banquero Anarquista,0,132700,0,['Fernando Pessoa'],['14jtPCOoNZwquk5wd9DxrY'],1922-06-01,0.75,0.229,2,-22.077,1,0.955,0.578,0,0.314,0.531,102.629,3
0PH9AACae1f957JAavhOl2,Lazy Boi,0,157333,0,['Uli'],['45tIt06XoI0Iio4LBEVpls'],1922-02-22,0.298,0.46,1,-18.645,1,0.453,0.521,0.856,0.436,0.402,87.921,4
0QiT0Oo5QdLXdFw6RDOj7h,Tu Verras Montmartre,1,186800,0,['Lucien Boyer'],['4mSouLpNSEY1d7OdIjlFiP'],1922,0.703,0.28,0,-15.39,1,0.174,0.995,0.0000684,0.163,0.897,127.531,4
0TWsNj5iSvbMTtbEDP7A4V,Elle Prend L'boulevard Magenta,0,172027,0,['Félix Mayol'],['7DIlOK9L8d0IQ7Xk8aJxDW'],1922,0.709,0.289,2,-14.978,1,0.18,0.967,0,0.119,0.84,107.515,4
0cC9CYjLRIzwchQ42xVnq6,Capítulo 1.23 - Banquero Anarquista,0,96600,0,['Fernando Pessoa'],['14jtPCOoNZwquk5wd9DxrY'],1922-06-01,0.687,0.198,4,-24.264,0,0.962,0.754,0,0.197,0.478,78.453,1
0eb1PfHxT6HnXvvdUOzmME,Capítulo 1.18 - Banquero Anarquista,0,103200,0,['Fernando Pessoa'],['14jtPCOoNZwquk5wd9DxrY'],1922-06-01,0.8,0.171,8,-24.384,1,0.953,0.67,0,0.123,0.693,59.613,3
0grXU6GKVNCVMJbseA0Uhe,Capítulo 1.10 - Banquero Anarquista,0,95800,0,['Fernando Pessoa'],['14jtPCOoNZwquk5wd9DxrY'],1922-06-01,0.7,0.208,2,-23.874,1,0.956,0.691,0,0.441,0.613,85.739,1
0kCB1bDVBC8gWCFcnJyIZc,Ca C'est Une Chose,0,188000,0,['Victor Boucher'],['7vVR02JJYvsEAEPNHQMx0Q'],1922,0.352,0.334,5,-13.038,1,0.0594,0.996,0.00746,0.36,0.414,76.403,4
0l3BQsVJ7F76wlN5QhJzaP,El Vendaval - Remasterizado,0,153533,0,['Ignacio Corsini'],['5LiOoJbxVSAMkBS2fUm3X2'],1922-03-21,0.37,0.372,2,-17.138,1,0.0865,0.985,0.000681,0.929,0.753,159.669,4
0pXUGQcBxfoQXg2e7G9Wwk,Ta Bouche,0,180933,0,['Jeanne Saint Bonnet'],['4ZACxcKyd37u9WSxCAvLP2'],1922,0.335,0.304,7,-14.062,1,0.0506,0.996,0.0832,0.102,0.215,76.576,3
0wA4YFw7ZNnpasfjVgJxpv,Capítulo 1.22 - Banquero Anarquista,0,109100,0,['Fernando Pessoa'],['14jtPCOoNZwquk5wd9DxrY'],1922-06-01,0.704,0.244,0,-25.353,1,0.959,0.728,0,0.168,0.644,84.489,3
0xJCJ9XSNcdTIz0QKmhtEn,La Maleva - Remasterizado,0,181440,0,['Ignacio Corsini'],['5LiOoJbxVSAMkBS2fUm3X2'],1922-03-29,0.339,0.0958,8,-26.944,1,0.053,0.994,0.969,0.123,0.219,86.279,3
0zyKYuXwmo8eR3BBxoxVEO,Capítulo 2.3 - Banquero Anarquista,0,113200,0,['Fernando Pessoa'],['14jtPCOoNZwquk5wd9DxrY'],1922-06-01,0.655,0.214,0,-23.337,1,0.962,0.665,0,0.279,0.761,76.087,1
10XXG7gG75jIREUaModzOY,Capítulo 1.2 - Banquero Anarquista,0,109500,0,['Fernando Pessoa'],['14jtPCOoNZwquk5wd9DxrY'],1922-06-01,0.673,0.239,5,-22.552,1,0.96,0.539,0,0.633,0.644,83.532,4
10u9ZWsOnhEyqFJCC2rQVy,J'ai Vendu Mon Âme,0,168000,0,['Adolphe Bérard'],['4avV2NAdyMOjy4qqYfKNR7'],1922,0.582,0.152,10,-13.742,1,0.0914,0.972,0,0.31,0.546,95.779,3
112adU33vo4C1eRZct2hWy,Nuits De Chine,4,180800,0,['Louis Lynel'],['28pbIiOohRRZjqpAM9iqYM'],1922,0.42,0.288,7,-14.005,1,0.0701,0.994,0.000216,0.196,0.4,139.575,3
15BEv0mKGqHHxyDAcLJ7ei,En la Huella del Querer - Remasterizado,0,150160,0,['Ignacio Corsini'],['5LiOoJbxVSAMkBS2fUm3X2'],1922-03-29,0.373,0.176,4,-22.045,0,0.0703,0.994,0.866,0.157,0.383,106.595,1
1CZkVPFUK7wO1sMOlBHxJr,C'est La Mode Et Voila Tout,0,180400,0,['Perchicot'],['2kBMqLbeN3STYqwPqJW45j'],1922,0.592,0.408,10,-11.585,0,0.271,0.993,0.00000154,0.413,0.766,81.126,4
1EFtYew3kxq3gP55juunCR,Chapter 1.6 - Szkolne przygody Pimpusia Sadełko,0,149700,0,['Maria Konopnicka'],['6NyLf1mINBZQcR8gWeE5kC'],1922-01-06,0.749,0.289,9,-19.047,1,0.952,0.652,0,0.129,0.326,90.285,3
1FnTOwM5cW5N9wzCWziLKC,La Ronde De Nuit,0,177400,0,['Perchicot'],['2kBMqLbeN3STYqwPqJW45j'],1922,0.55,0.31,10,-15.423,0,0.168,0.992,0,0.204,0.568,125.829,4
1HJRj2XztAhgO7dLBw6b7s,El Patotero Sentimental - Remasterizado,0,145627,0,['Ignacio Corsini'],['5LiOoJbxVSAMkBS2fUm3X2'],1922-03-29,0.482,0.0283,0,-23.414,0,0.0732,0.996,0.77,0.0989,0.33,77.642,4
1HXdv1z9RlvrcUernyf0MY,The Dear Little Shamrock,0,191613,0,['Dick Haymes'],['3BiJGZsyX9sJchTqcSA7Su'],1922,0.347,0.197,10,-15.652,1,0.0504,0.991,0.000133,0.196,0.246,109.338,3
1KLKkACG16o5crQPiaF1Tz,Tus Suspiros - Remasterizado,0,168107,0,['Ignacio Corsini'],['5LiOoJbxVSAMkBS2fUm3X2'],1922-03-29,0.273,0.318,6,-18.597,1,0.0694,0.974,0.163,0.778,0.414,74.542,3
1KgBLlvPR6BxDyBNDtCUP0,Ojos Funestos - Remasterizado,0,194200,0,['Ignacio Corsini'],['5LiOoJbxVSAMkBS2fUm3X2'],1922-03-21,0.373,0.244,8,-22.711,1,0.0538,0.993,0.0478,0.214,0.623,115.51,4
1KxCqUwjiAHw7W0IIrRUwP,Capítulo 2.20 - Banquero Anarquista,0,99800,0,['Fernando Pessoa'],['14jtPCOoNZwquk5wd9DxrY'],1922-06-01,0.717,0.202,5,-22.807,1,0.967,0.7,0,0.294,0.683,81.64,4
1MD0Obbza9l0t0Zpgcwagy,And Mimi,0,186147,0,"['Dick Haymes', 'Gordon Jenkins', 'His Orchestra']","['3BiJGZsyX9sJchTqcSA7Su', '58wzyK6DupVsypvs3QV2Fo', '6lXiGaWjISZnER53ZJe6QO']",1922,0.284,0.223,9,-15.733,0,0.0453,0.98,0.0813,0.345,0.226,77.234,3
1O9iZyzufN1fUdVO97mmm5,How High the Moon,0,175333,0,"['Dick Haymes', 'Harry James', 'His Orchestra']","['3BiJGZsyX9sJchTqcSA7Su', '5MpELOfAiq7aIBTij30phD', '6lXiGaWjISZnER53ZJe6QO']",1922,0.328,0.307,0,-11.573,1,0.0484,0.989,0.277,0.21,0.259,117.225,4
1PGLk4jyXA8oWTBtMyYlwX,El Huerfano - Remasterizado,0,171013,0,['Ignacio Corsini'],['5LiOoJbxVSAMkBS2fUm3X2'],1922-03-21,0.462,0.119,4,-20.938,0,0.0793,0.996,0.88,0.0773,0.407,122.895,4
1QDTYyfndMN9SDtRKDv9XO,Pas Pour Moi,0,204773,0,['Maurice Chevalier'],['3QXjI80udwDSEfxK5BjUXc'],1922,0.532,0.375,7,-13.321,1,0.298,0.995,0.00000122,0.276,0.508,80.379,4
1V5PoYJVCYMHPWAZHxk6IA,Capítulo 1.16 - Banquero Anarquista,0,105500,0,['Fernando Pessoa'],['14jtPCOoNZwquk5wd9DxrY'],1922-06-01,0.717,0.242,0,-23.287,1,0.947,0.679,0,0.318,0.565,119.533,4
1VuFIir7DL0mc6bppGMa3r,La Canción del Cabaret - Remasterizado,0,141440,0,['Ignacio Corsini'],['5LiOoJbxVSAMkBS2fUm3X2'],1922-03-29,0.458,0.178,8,-18.754,1,0.0614,0.992,0.817,0.413,0.286,69.128,5
1ZYRk4U7EuJwdRZNHpEBIz,Éléonore,0,164600,0,['Dréan'],['18mX1gMCx67ZdPRtv644Wi'],1922,0.52,0.262,11,-12.619,0,0.132,0.994,0.000852,0.227,0.575,69.125,4
1b8HZQCqcqwbzlA1jRTp6E,En Douce,0,223440,0,['Mistinguett'],['4AxgXfD7ISvJSTObqm4aIE'],1922,0.427,0.18,10,-15.375,1,0.067,0.989,0,0.128,0.431,78.459,3
1g7vO6aQ6NI5EcjzYs3RGf,Capítulo 1.13 - Banquero Anarquista,0,97600,0,['Fernando Pessoa'],['14jtPCOoNZwquk5wd9DxrY'],1922-06-01,0.721,0.127,0,-23.639,1,0.95,0.817,0,0.178,0.628,118.159,5
1kXWSsJkBVZ1jSoI8NnEDm,Marta,0,177693,0,['Dick Haymes'],['3BiJGZsyX9sJchTqcSA7Su'],1922,0.255,0.343,0,-9.373,1,0.0305,0.987,0.0153,0.326,0.313,101.096,4
1l1Wk0nOkuMCzioN6l2yfJ,Carol of the Bells,0,286370,0,['Grandcubby Trio'],['4XVZpokXbUzg6QeomBANY9'],1922,0.382,0.75,10,-11.599,1,0.0742,0.123,0.751,0.725,0.346,149.787,3
1lia44teZBfbv0PnPkc5dK,Machinalement,0,145400,0,['Victor Boucher'],['7vVR02JJYvsEAEPNHQMx0Q'],1922,0.457,0.193,4,-16.816,1,0.0655,0.996,0.348,0.0809,0.671,177.097,4
1pGBOfY0PvpArBZT7GaUVK,Capítulo 2.19 - Banquero Anarquista,0,106000,0,['Fernando Pessoa'],['14jtPCOoNZwquk5wd9DxrY'],1922-06-01,0.729,0.211,10,-22.143,1,0.957,0.769,0,0.556,0.728,110.862,5
1qQeEBayDNySHIiYmvQge0,Capítulo 2.12 - Banquero Anarquista,0,101500,0,['Fernando Pessoa'],['14jtPCOoNZwquk5wd9DxrY'],1922-06-01,0.741,0.213,5,-22.053,1,0.962,0.619,0,0.534,0.719,93.515,1
1tKqAvRoP2RQfxftl4hVJT,Capítulo 2.21 - Banquero Anarquista,0,142700,0,['Fernando Pessoa'],['14jtPCOoNZwquk5wd9DxrY'],1922-06-01,0.685,0.257,5,-19.934,1,0.955,0.563,0,0.112,0.642,98.142,4
1v0HtSUeQOu3ba28pvYE5y,Chicago (That Toddlin' Town),0,111256,0,['Jim Chapman'],['0DhFxctImIYNNSEHuLQi5U'],1922,0.491,0.439,4,-11.356,0,0.105,0.626,0,0.321,0.792,180.653,4
213QIyv1KZIeGg7oXAMbah,Mi Guitarra - Remasterizado,0,169853,0,['Ignacio Corsini'],['5LiOoJbxVSAMkBS2fUm3X2'],1922-03-29,0.236,0.124,1,-22.971,1,0.0515,0.995,0.981,0.149,0.409,71.524,3
21yni4TcBS35MlxLjzV51t,Practicante - Remasterizado,0,138587,0,['Ignacio Corsini'],['5LiOoJbxVSAMkBS2fUm3X2'],1922-03-29,0.43,0.168,7,-19.558,1,0.0622,0.995,0.928,0.246,0.437,58.863,4
2AmBgj8nNVeN2diZh91jLh,Chapter 1.5 - Szkolne przygody Pimpusia Sadełko,0,156300,0,['Maria Konopnicka'],['6NyLf1mINBZQcR8gWeE5kC'],1922-01-06,0.714,0.211,1,-18.882,1,0.956,0.629,0,0.12,0.311,46.973,4
2B9d7LBGJvQEKiLEAexCOP,Toda Alma - Remasterizado,0,180253,0,['Ignacio Corsini'],['5LiOoJbxVSAMkBS2fUm3X2'],1922-03-21,0.545,0.268,1,-23.029,1,0.191,0.995,0.92,0.112,0.648,126.614,4
2BVWvGSdgUZtC2La5P3Jtv,L'amour Au Clair De Lune,0,156960,0,['Adolphe Bérard'],['4avV2NAdyMOjy4qqYfKNR7'],1922,0.467,0.328,7,-13.227,1,0.0354,0.991,0.0000157,0.0705,0.701,87.132,4
2Be2FRskn33cqPyeSdTqFd,No Me Olvides - Remasterizado,0,155093,0,['Ignacio Corsini'],['5LiOoJbxVSAMkBS2fUm3X2'],1922-03-21,0.484,0.0558,8,-25.33,0,0.0575,0.996,0.278,0.202,0.636,99.555,4
2EapOmGwqUQrmHCP4LrsZi,Capítulo 2.7 - Banquero Anarquista,0,96100,0,['Fernando Pessoa'],['14jtPCOoNZwquk5wd9DxrY'],1922-06-01,0.673,0.237,5,-20.978,1,0.962,0.813,0,0.234,0.544,96.594,1
2IMcezGQzHgqH8gIvXJM3Q,Till the End of Time,0,182227,0,['Dick Haymes'],['3BiJGZsyX9sJchTqcSA7Su'],1922,0.208,0.234,8,-15.427,1,0.0426,0.986,0.656,0.234,0.209,85.288,3
2MHbLEapczIltPOYYEzQtE,Como una Flor - Remasterizado,0,151040,0,['Ignacio Corsini'],['5LiOoJbxVSAMkBS2fUm3X2'],1922-03-21,0.218,0.394,10,-19.492,0,0.0388,0.981,0.301,0.505,0.749,82.287,4
2PF5orWaMQK4N1DwZJ20J8,Capítulo 1.12 - Banquero Anarquista,0,96300,0,['Fernando Pessoa'],['14jtPCOoNZwquk5wd9DxrY'],1922-06-01,0.751,0.173,5,-25.234,1,0.951,0.683,0,0.128,0.594,95.599,4
2SiNuAZ6jIU9xhClRKXcST,Sketch,0,87040,0,['Uli'],['45tIt06XoI0Iio4LBEVpls'],1922-02-22,0.634,0.00399,5,-29.973,0,0.0377,0.926,0.919,0.105,0.396,79.895,4
2UU5t5j325ofKGcg7oUQNh,Sin Amor - Remasterizado,0,130987,0,['Ignacio Corsini'],['5LiOoJbxVSAMkBS2fUm3X2'],1922-03-21,0.543,0.424,5,-18.425,1,0.269,0.99,0.0379,0.861,0.659,68.567,4
2bKTO2M7es2IGg7qYqlvM7,Capítulo 1.8 - Banquero Anarquista,0,101500,0,['Fernando Pessoa'],['14jtPCOoNZwquk5wd9DxrY'],1922-06-01,0.715,0.204,1,-23.646,1,0.943,0.581,0,0.169,0.565,107.77,5
2cK20o1IdLmUIC4NoPWzOt,Flor Marchita - Remasterizado,0,153133,0,['Ignacio Corsini'],['5LiOoJbxVSAMkBS2fUm3X2'],1922-03-29,0.36,0.0954,0,-24.17,0,0.064,0.994,0.726,0.107,0.344,76.3,3
2dr1Ywu6gEnLrO1JS4raFb,Chapter 1.7 - Szkolne przygody Pimpusia Sadełko,0,176252,0,['Maria Konopnicka'],['6NyLf1mINBZQcR8gWeE5kC'],1922-01-06,0.642,0.212,5,-18.598,0,0.951,0.635,0,0.107,0.334,84.918,4
2lC5U846P7bQQPPHzOQpDh,Capítulo 2.13 - Banquero Anarquista,0,95700,0,['Fernando Pessoa'],['14jtPCOoNZwquk5wd9DxrY'],1922-06-01,0.721,0.218,0,-22.449,1,0.941,0.596,0,0.426,0.557,116.438,3
2mvSGvt6EjOO5HzUSz54mP,Chapter 1.1 - Szkolne przygody Pimpusia Sadełko,0,178000,0,['Maria Konopnicka'],['6NyLf1mINBZQcR8gWeE5kC'],1922-01-06,0.66,0.211,0,-19.491,1,0.96,0.738,0,0.118,0.272,86.236,4
2u7t2vcrLxKp69Um0MDEs2,Capítulo 1.14 - Banquero Anarquista,0,116200,0,['Fernando Pessoa'],['14jtPCOoNZwquk5wd9DxrY'],1922-06-01,0.721,0.196,8,-23.698,1,0.939,0.643,0,0.226,0.587,118.9,3
2vOhKgXKFpej7mv3mOwoF4,Capítulo 1.21 - Banquero Anarquista,0,102000,0,['Fernando Pessoa'],['14jtPCOoNZwquk5wd9DxrY'],1922-06-01,0.625,0.187,10,-24.686,1,0.963,0.831,0,0.424,0.576,76.537,3
2vSAIArCi0f9b9Ll612hFK,Capítulo 2.4 - Banquero Anarquista,0,97600,0,['Fernando Pessoa'],['14jtPCOoNZwquk5wd9DxrY'],1922-06-01,0.732,0.176,0,-21.808,1,0.966,0.623,0,0.442,0.771,76.708,1
2wWS5DZYc50AzbiXC57vGt,Capítulo 2.14 - Banquero Anarquista,0,95200,0,['Fernando Pessoa'],['14jtPCOoNZwquk5wd9DxrY'],1922-06-01,0.827,0.258,5,-21.896,1,0.956,0.658,0,0.316,0.73,41.694,3
38u3k7zUGTp48G1oA3ky3R,The Girl That I Marry,0,182920,0,['Dick Haymes'],['3BiJGZsyX9sJchTqcSA7Su'],1922,0.185,0.151,7,-17.822,1,0.0391,0.985,0.798,0.151,0.135,88.945,3
3FBXaR512ufrrickKCasRN,Capítulo 1.7 - Banquero Anarquista,0,106000,0,['Fernando Pessoa'],['14jtPCOoNZwquk5wd9DxrY'],1922-06-01,0.735,0.244,10,-22.252,1,0.956,0.666,0,0.253,0.618,85.079,4
3FfL0WRdyrEFPlPvmqj2lJ,Capítulo 1.9 - Banquero Anarquista,0,106900,0,['Fernando Pessoa'],['14jtPCOoNZwquk5wd9DxrY'],1922-06-01,0.619,0.173,0,-23.13,1,0.967,0.73,0,0.145,0.653,181.485,4
3QkuxlHi5RXa2YBr6S52n3,Capítulo 2.9 - Banquero Anarquista,0,99900,0,['Fernando Pessoa'],['14jtPCOoNZwquk5wd9DxrY'],1922-06-01,0.768,0.232,7,-21.678,0,0.962,0.593,0,0.304,0.591,64.433,4
3ROtnqCtqrMbaDkivZyV5n,Entrerriana - Remasterizado,0,183720,0,['Ignacio Corsini'],['5LiOoJbxVSAMkBS2fUm3X2'],1922-03-21,0.431,0.2,5,-23.557,0,0.0322,0.995,0.821,0.139,0.543,108.65,3
3XxlglpLYkpZIfU1c1C5e4,Pobre Cotorro - Remasterizado,0,159800,0,['Ignacio Corsini'],['5LiOoJbxVSAMkBS2fUm3X2'],1922-03-21,0.564,0.053,6,-25.041,0,0.127,0.996,0.927,0.117,0.407,140.216,4
3aynsWyvRwa1r5ekqaWxD3,Mirage,0,176000,0,['Adolphe Bérard'],['4avV2NAdyMOjy4qqYfKNR7'],1922,0.497,0.218,4,-13.547,1,0.0345,0.992,0,0.311,0.56,88.412,4
3c8AbdpLH4SSbTHsN71XDN,Un Placer - Remasterizado,0,177773,0,['Ignacio Corsini'],['5LiOoJbxVSAMkBS2fUm3X2'],1922-03-21,0.527,0.142,8,-20.701,0,0.0612,0.996,0.907,0.113,0.896,126.702,4
3d8zXYhG3sFx4uL9vv8IRu,Le Tango Neurasthénique,0,187040,0,['Georgius'],['0Yly6PvJghpLD3Lj8Kvpcj'],1922,0.564,0.433,2,-14.619,0,0.356,0.979,0.00000374,0.226,0.601,72.003,4
3f9p4JTCiipdjDtKGZHqP4,Capítulo 2.17 - Banquero Anarquista,0,99000,0,['Fernando Pessoa'],['14jtPCOoNZwquk5wd9DxrY'],1922-06-01,0.695,0.186,7,-21.822,1,0.957,0.748,0,0.289,0.598,138.487,3
3fKqEoaJZODF7Xhh7qH4Wv,Capítulo 2.10 - Banquero Anarquista,0,106800,0,['Fernando Pessoa'],['14jtPCOoNZwquk5wd9DxrY'],1922-06-01,0.702,0.2,7,-22.999,1,0.961,0.642,0,0.36,0.773,81.152,4
3h8ioTTWfrC25hrHwQQpLc,All Or Nothing at All,0,164320,0,"['Dick Haymes', 'Harry James', 'His Orchestra']","['3BiJGZsyX9sJchTqcSA7Su', '5MpELOfAiq7aIBTij30phD', '6lXiGaWjISZnER53ZJe6QO']",1922,0.237,0.555,2,-6.611,0,0.0401,0.812,0.000262,0.366,0.292,92.213,3
3hkX4bDXEzd4w6aTiDkvrR,Keepsakes,0,180733,0,['Dick Haymes'],['3BiJGZsyX9sJchTqcSA7Su'],1922,0.176,0.358,0,-9.713,0,0.0459,0.989,0.335,0.102,0.111,83.026,4
3rcerSJNOkfgB9CELqcRHL,Capítulo 1.5 - Banquero Anarquista,0,108200,0,['Fernando Pessoa'],['14jtPCOoNZwquk5wd9DxrY'],1922-06-01,0.773,0.155,9,-24.523,0,0.963,0.591,0,0.13,0.494,52.032,4
41UwGhrmaTNXguHZjRkZbC,Capítulo 2.2 - Banquero Anarquista,0,96400,0,['Fernando Pessoa'],['14jtPCOoNZwquk5wd9DxrY'],1922-06-01,0.646,0.26,9,-23.14,0,0.963,0.757,0,0.226,0.656,162.698,3
41sGC22d62AApd4dbiwhfr,Capítulo 2.11 - Banquero Anarquista,0,109400,0,['Fernando Pessoa'],['14jtPCOoNZwquk5wd9DxrY'],1922-06-01,0.78,0.18,1,-23.253,0,0.963,0.676,0,0.63,0.788,58.554,4
42lF2Ke3RUCoptNImf3SBj,I Ought to Know More About You,0,185653,0,['Dick Haymes'],['3BiJGZsyX9sJchTqcSA7Su'],1922,0.607,0.253,9,-9.944,0,0.0414,0.989,0.00000199,0.225,0.555,132.161,4
450NWyAOOQ4cOPrp7ZRp13,Pobre Madrecita - Remasterizado,0,183027,0,['Ignacio Corsini'],['5LiOoJbxVSAMkBS2fUm3X2'],1922-03-29,0.53,0.147,9,-22.26,1,0.0663,0.996,0.894,0.114,0.552,69.451,4
45QQGQZMPaVxlg0edajDgk,Primera Ilusión - Remasterizado,0,160267,0,['Ignacio Corsini'],['5LiOoJbxVSAMkBS2fUm3X2'],1922-03-21,0.388,0.202,8,-26.173,1,0.0517,0.993,0.917,0.111,0.83,181.105,3
45u40aoKGpIanpGW3ZTqMU,Capítulo 1.1 - Banquero Anarquista,0,114300,0,['Fernando Pessoa'],['14jtPCOoNZwquk5wd9DxrY'],1922-06-01,0.634,0.237,9,-21.09,0,0.961,0.482,0,0.152,0.634,169.956,4
46NvxfK2FwCMpMsRTBFkjR,Soft Lights and Sweet Music,0,171080,0,['Dick Haymes'],['3BiJGZsyX9sJchTqcSA7Su'],1922,0.328,0.323,7,-12.78,1,0.0331,0.985,0.0395,0.357,0.153,125.653,3
4BKzNMRJdoDE6nsC4DbOEh,Chapter 1.4 - Szkolne przygody Pimpusia Sadełko,0,161100,0,['Maria Konopnicka'],['6NyLf1mINBZQcR8gWeE5kC'],1922-01-06,0.697,0.221,5,-19.756,0,0.956,0.597,0,0.335,0.393,103.309,3
4CjnVzvSu86vqI5gY8SjPx,Elle Vendait Des P'tits Gateaux,0,151573,0,['Félix Mayol'],['7DIlOK9L8d0IQ7Xk8aJxDW'],1922,0.716,0.301,5,-14.07,1,0.105,0.987,0,0.277,0.969,129.153,4
4DE7VBCgyTjqV0Plc9Ra0U,Hush-A-Bye (Wee Rose of Kilarney),0,156880,0,"['Dick Haymes', 'Victor Young', 'His Orchestra']","['3BiJGZsyX9sJchTqcSA7Su', '3HqN7Sq7rmpOEI9UV5ERuz', '6lXiGaWjISZnER53ZJe6QO']",1922,0.279,0.128,0,-19.793,1,0.0406,0.994,0.613,0.116,0.145,79.121,5
4FCWuuqM851ACz8p1b41fi,Capítulo 2.23 - Banquero Anarquista,0,97200,0,['Fernando Pessoa'],['14jtPCOoNZwquk5wd9DxrY'],1922-06-01,0.714,0.219,9,-21.185,0,0.954,0.52,0,0.222,0.54,110.822,3
4RR5RKLA2vTQxkWrMIeHem,Cap Polonio - Remasterizado,0,161080,0,['Ignacio Corsini'],['5LiOoJbxVSAMkBS2fUm3X2'],1922-03-21,0.541,0.161,3,-21.25,1,0.094,0.996,0.907,0.129,0.708,143.105,4
4UnGZFw9ot80NLBBBFImny,Chapter 1.3 - Szkolne przygody Pimpusia Sadełko,0,311000,0,['Maria Konopnicka'],['6NyLf1mINBZQcR8gWeE5kC'],1922-01-06,0.624,0.213,1,-19.016,1,0.958,0.764,0,0.151,0.382,74.428,3
4Vw0vSS31VCTYZXML5mMNX,Serenade of the Bells,0,181200,0,['Dick Haymes'],['3BiJGZsyX9sJchTqcSA7Su'],1922,0.269,0.255,0,-9.041,1,0.0536,0.984,0.00263,0.178,0.154,79.186,4
4iy1fsAHBgR2STJjPDhjY2,Mes Parents Sont Venus Me Chercher,0,183840,0,['Fortugé'],['0hKr2636wsQI7PrARkAiaA'],1922,0.554,0.204,7,-14.764,1,0.0598,0.995,0.00000124,0.153,0.62,97.337,4
4jhUNBqlFI21O7L0sKl507,As If I Didn't Have Enough On My Mind,0,148440,0,['Dick Haymes'],['3BiJGZsyX9sJchTqcSA7Su'],1922,0.32,0.246,0,-15.79,1,0.0463,0.991,0.85,0.419,0.312,84.275,4
4m7uJS9VZlVnUG8oI1o0wx,Capítulo 2.22 - Banquero Anarquista,0,100600,0,['Fernando Pessoa'],['14jtPCOoNZwquk5wd9DxrY'],1922-06-01,0.677,0.314,0,-20.417,1,0.963,0.334,0,0.603,0.486,74.906,5
4sAPfFxCxKIF571z6JwL4r,De Mil Amores - Remasterizado,0,174453,0,['Ignacio Corsini'],['5LiOoJbxVSAMkBS2fUm3X2'],1922-03-29,0.442,0.177,9,-19.632,1,0.0571,0.994,0.000896,0.491,0.562,128.395,4
4vRhdBugLI9JQGsx3UfrAt,Cachonguita - Remasterizado,0,190653,0,['Ignacio Corsini'],['5LiOoJbxVSAMkBS2fUm3X2'],1922-03-21,0.45,0.0522,1,-29.357,0,0.0583,0.996,0.929,0.158,0.413,72.401,5
4vV7uBcF2AnjNTOejBS5oL,L'enfer,0,40000,0,['Uli'],['45tIt06XoI0Iio4LBEVpls'],1922-02-22,0.657,0.325,10,-14.319,0,0.254,0.199,0.856,0.0931,0.105,81.944,5
4xDAzKsPZg7kMOhsnXHOO7,Metejón - Remasterizado,0,155653,0,['Ignacio Corsini'],['5LiOoJbxVSAMkBS2fUm3X2'],1922-03-29,0.493,0.0763,4,-25.843,1,0.0612,0.996,0.909,0.169,0.683,75.313,5
4yTwNqT53nEaIMMxDsnNr3,When a Gypsy Makes a Violin Cry,0,180587,0,['Dick Haymes'],['3BiJGZsyX9sJchTqcSA7Su'],1922,0.31,0.342,0,-10.751,0,0.0415,0.958,0.00217,0.371,0.111,82.51,5
4yfqwU24XlVWLJTaBD3qQW,Capítulo 1.17 - Banquero Anarquista,0,95000,0,['Fernando Pessoa'],['14jtPCOoNZwquk5wd9DxrY'],1922-06-01,0.736,0.216,2,-26.027,0,0.959,0.649,0,0.465,0.492,80.642,3
553V3FZf6yTv89rweIPLHs,Capítulo 1.3 - Banquero Anarquista,0,98600,0,['Fernando Pessoa'],['14jtPCOoNZwquk5wd9DxrY'],1922-06-01,0.723,0.22,1,-23.012,1,0.932,0.532,0,0.136,0.595,119.519,3
56GdrUlLtRUtcF4afPH40o,Remembranza - Remasterizado,0,164653,0,['Ignacio Corsini'],['5LiOoJbxVSAMkBS2fUm3X2'],1922-03-29,0.53,0.0468,3,-24.856,0,0.0853,0.996,0.937,0.0982,0.42,129.602,4
598LlBn6jpEpVbLjmZPsYV,Graphite,0,104400,0,['Uli'],['45tIt06XoI0Iio4LBEVpls'],1922-02-22,0.644,0.684,7,-8.247,1,0.199,0.144,0.802,0.0847,0.138,100.031,4
5CHSAhLggPpOYK5mpw8upO,Capítulo 2.24 - Banquero Anarquista,0,98500,0,['Fernando Pessoa'],['14jtPCOoNZwquk5wd9DxrY'],1922-06-01,0.632,0.217,0,-22.671,1,0.963,0.525,0,0.149,0.605,167.268,3
5IlNHZg8dNQTT6hCZ0Ax28,Capítulo 1.24 - Banquero Anarquista,0,99200,0,['Fernando Pessoa'],['14jtPCOoNZwquk5wd9DxrY'],1922-06-01,0.62,0.187,5,-24.169,1,0.962,0.845,0,0.138,0.729,176.485,3
5P35CyOEQiMqf8Hd6Pty5p,Méfiez Vous D'anatole,0,192933,0,['Georgius'],['0Yly6PvJghpLD3Lj8Kvpcj'],1922,0.625,0.35,10,-15.916,1,0.312,0.984,0,0.0988,0.808,81.567,4
5PJCXNLtJSB3XerASHg7eA,Ensueño de Oro - Remasterizado,0,151027,0,['Ignacio Corsini'],['5LiOoJbxVSAMkBS2fUm3X2'],1922-03-29,0.43,0.155,1,-26.685,0,0.116,0.995,0.952,0.202,0.564,96.58,4
5SB8vVP2D73dMsDreQaY73,Hush Little Darlin',0,195347,0,['Dick Haymes'],['3BiJGZsyX9sJchTqcSA7Su'],1922,0.328,0.201,10,-16.491,1,0.0408,0.985,0.517,0.113,0.31,79.883,5
5WQcloalnv2qA55iMcsxve,Capítulo 2.5 - Banquero Anarquista,0,108400,0,['Fernando Pessoa'],['14jtPCOoNZwquk5wd9DxrY'],1922-06-01,0.714,0.2,5,-22.017,1,0.965,0.5,0,0.246,0.589,88.307,4
5ZQdHBQwtS0iKSyRmFg7hB,Capítulo 1.26 & Capítulo 2.1 - Banquero Anarquista,0,117900,0,['Fernando Pessoa'],['14jtPCOoNZwquk5wd9DxrY'],1922-06-01,0.661,0.225,2,-23.33,0,0.966,0.865,0,0.239,0.692,86.89,3
5cIke4L8FPFzxkFlFYrMMD,Capítulo 1.11 - Banquero Anarquista,0,100700,0,['Fernando Pessoa'],['14jtPCOoNZwquk5wd9DxrY'],1922-06-01,0.718,0.221,0,-24.788,1,0.949,0.728,0,0.152,0.538,121.225,3
5cUFFY2Atw4QeFitueQCt2,El Huerfano - Remasterizado,0,159800,0,['Ignacio Corsini'],['5LiOoJbxVSAMkBS2fUm3X2'],1922-03-29,0.366,0.0749,7,-26.34,1,0.0806,0.996,0.924,0.117,0.515,90.969,3
5d5gQxHwYovxR5pqETOIAa,J'en Ai Marre,0,208267,0,['Mistinguett'],['4AxgXfD7ISvJSTObqm4aIE'],1922,0.511,0.206,0,-15.514,1,0.0592,0.995,0,0.418,0.481,70.443,4
5kAxzo7Dog9Buovp3xXVO7,Nostalgia - Remasterizado,0,139760,0,['Ignacio Corsini'],['5LiOoJbxVSAMkBS2fUm3X2'],1922-03-29,0.496,0.158,8,-18.494,1,0.0423,0.995,0.638,0.206,0.347,79.871,4
5mELfHhlldkCNPZUK9oxTi,Chapter 1.2 - Szkolne przygody Pimpusia Sadełko,0,216900,0,['Maria Konopnicka'],['6NyLf1mINBZQcR8gWeE5kC'],1922-01-06,0.688,0.207,3,-19.559,0,0.956,0.731,0,0.122,0.416,99.681,1
5wfVO3v2ZiWmQvJuRgJANe,Monigote - Remasterizado,0,179813,0,['Ignacio Corsini'],['5LiOoJbxVSAMkBS2fUm3X2'],1922-03-21,0.422,0.561,5,-18.573,0,0.461,0.98,0.00000341,0.966,0.528,121.542,4
5wg1nnx7c2kri8kx5xlCFH,El Beso de la Muerte - Remasterizado,0,158587,0,['Ignacio Corsini'],['5LiOoJbxVSAMkBS2fUm3X2'],1922-03-21,0.493,0.0997,5,-23.446,1,0.0607,0.996,0.481,0.192,0.587,127.023,4
63IcPgVIW0PWeJTaIY7GCu,Le Petit Amant,0,120760,0,['Jeanne Saint Bonnet'],['4ZACxcKyd37u9WSxCAvLP2'],1922,0.656,0.283,4,-14.113,1,0.191,0.996,0.00597,0.155,0.67,126.085,4
69mWzKmxFFwIAJS8nzcCgO,Recuerdo Criollo - Remasterizado,0,186200,0,['Ignacio Corsini'],['5LiOoJbxVSAMkBS2fUm3X2'],1922-03-29,0.313,0.102,10,-30.026,0,0.0436,0.985,0.97,0.102,0.312,67.575,3
6E4t6Sor5rWOLQDCAdI0vN,Despedida - Remasterizado,0,178373,0,['Ignacio Corsini'],['5LiOoJbxVSAMkBS2fUm3X2'],1922-03-29,0.425,0.308,1,-21.085,0,0.0534,0.98,0,0.631,0.509,64.738,4
6GhbZRE9N2TPf86zI1dIxQ,You'll Never Know,0,165253,0,"['Dick Haymes', 'The Pied Pipers']","['3BiJGZsyX9sJchTqcSA7Su', '5o8E07TcYqIefZpDejymAd']",1922,0.392,0.128,2,-15.22,1,0.0378,0.994,0.153,0.0983,0.226,126.728,3
6MD9XSLD4VmVI5SFRPm6By,Car Loans,0,172803,0,['Uli'],['45tIt06XoI0Iio4LBEVpls'],1922-02-22,0.651,0.574,10,-11.999,0,0.104,0.474,0.713,0.0597,0.412,99.878,4
6UrbwimNzaLdtD86mpIKRa,Capítulo 1.4 - Banquero Anarquista,0,95100,0,['Fernando Pessoa'],['14jtPCOoNZwquk5wd9DxrY'],1922-06-01,0.657,0.181,7,-24.188,0,0.963,0.727,0,0.456,0.538,93.335,3
6eew1OP57TeUDUMcjYE6A0,La Muchacha - Remasterizado,0,164320,0,['Ignacio Corsini'],['5LiOoJbxVSAMkBS2fUm3X2'],1922-03-29,0.323,0.106,8,-25.138,1,0.0483,0.992,0.918,0.182,0.255,71.432,3
6hH0kKnTWoGq5wppHKj5ie,Stardust,0,172933,0,['Dick Haymes'],['3BiJGZsyX9sJchTqcSA7Su'],1922,0.208,0.226,8,-14.518,1,0.0331,0.985,0.81,0.219,0.22,74.03,3
6qXSeW8iUiHpbgRiqQO3aJ,Pobre Gaucho - Remasterizado,0,155253,0,['Ignacio Corsini'],['5LiOoJbxVSAMkBS2fUm3X2'],1922-03-29,0.476,0.131,2,-29.575,0,0.0523,0.995,0.929,0.102,0.635,69.409,4
6tl1bsB5SXbsLjOndGiM7Q,El Poder de Tus Ojos - Remasterizado,0,172800,0,['Ignacio Corsini'],['5LiOoJbxVSAMkBS2fUm3X2'],1922-03-21,0.357,0.244,1,-21.2,1,0.0478,0.993,0.0455,0.274,0.559,72.51,5
71uB09gmVxuvPAC58e3Sub,Capítulo 1.25 - Banquero Anarquista,0,127600,0,['Fernando Pessoa'],['14jtPCOoNZwquk5wd9DxrY'],1922-06-01,0.728,0.162,5,-23.956,0,0.965,0.872,0,0.176,0.734,83.11,4
71yYnLlqCTFGWt5ngD9ran,Capítulo 2.6 - Banquero Anarquista,0,95300,0,['Fernando Pessoa'],['14jtPCOoNZwquk5wd9DxrY'],1922-06-01,0.769,0.205,5,-22.656,0,0.965,0.716,0,0.362,0.611,58.187,5
7C1flDj1663TYWAZEc5koB,Capítulo 1.15 - Banquero Anarquista,0,101100,0,['Fernando Pessoa'],['14jtPCOoNZwquk5wd9DxrY'],1922-06-01,0.646,0.189,2,-24.744,0,0.964,0.653,0,0.284,0.5,77.558,1
7Iw8kyznP3k7593uAZ9mWi,Capítulo 1.20 - Banquero Anarquista,0,104900,0,['Fernando Pessoa'],['14jtPCOoNZwquk5wd9DxrY'],1922-06-01,0.757,0.217,0,-24.84,1,0.959,0.693,0,0.208,0.5,84.532,4
7LzNrzedyuLV7qh3Q2m1QQ,Capítulo 1.6 - Banquero Anarquista,0,105800,0,['Fernando Pessoa'],['14jtPCOoNZwquk5wd9DxrY'],1922-06-01,0.755,0.152,0,-24.274,1,0.962,0.647,0,0.134,0.487,78.263,3
7kFLV07SflDhEmpH2onfVr,Capítulo 2.18 - Banquero Anarquista,0,102700,0,['Fernando Pessoa'],['14jtPCOoNZwquk5wd9DxrY'],1922-06-01,0.69,0.177,5,-22.527,1,0.959,0.672,0,0.272,0.683,141.588,1
7mFmbNkbJjrvDMukkza3OF,Pobre China - Remasterizado,0,158573,0,['Ignacio Corsini'],['5LiOoJbxVSAMkBS2fUm3X2'],1922-03-21,0.564,0.178,9,-26.435,1,0.0432,0.995,0.921,0.112,0.706,60.422,4
7p94hrYktZStgIu6TCj3cZ,Antoine,0,165200,0,['Fortugé'],['0hKr2636wsQI7PrARkAiaA'],1922,0.537,0.153,8,-15.217,1,0.0898,0.994,0,0.419,0.558,129.134,4
7qZgukGp84vuPKrxzM3J4T,Capítulo 1.19 - Banquero Anarquista,0,104900,0,['Fernando Pessoa'],['14jtPCOoNZwquk5wd9DxrY'],1922-06-01,0.738,0.19,5,-23.999,1,0.963,0.796,0,0.146,0.641,74.859,4
7qiy1Sp4KTJKzQifOhY0IP,Everytime I Meet You,0,178653,0,"['Dick Haymes', 'Gordon Jenkins', 'His Orchestra']","['3BiJGZsyX9sJchTqcSA7Su', '58wzyK6DupVsypvs3QV2Fo', '6lXiGaWjISZnER53ZJe6QO']",1922,0.295,0.277,7,-10.849,1,0.0346,0.989,0.122,0.194,0.174,81.05,4
7svwanLaFaRLh3EwgYy2jl,Capítulo 2.15 - Banquero Anarquista,0,96500,0,['Fernando Pessoa'],['14jtPCOoNZwquk5wd9DxrY'],1922-06-01,0.723,0.221,9,-21.736,0,0.957,0.711,0,0.218,0.693,108.419,5
7yWdEDmuqweoRkhZeftRtR,Sur La Pointe Des Pieds,0,187733,0,['Georgius'],['0Yly6PvJghpLD3Lj8Kvpcj'],1922,0.528,0.343,0,-14.963,0,0.315,0.995,0,0.385,0.634,83.2,4
2wAfHM7Whz67VFbdanhZlk,Nobody Knows You When You're Down and Out,41,177133,0,['Bessie Smith'],['5ESobCkc6JI4tIMxQttqeg'],1923,0.614,0.0423,4,-12.033,1,0.0535,0.996,0.00293,0.183,0.211,89.822,4
3eMrYc092k7SIJfWJ7oasR,Weather Bird,38,161933,0,"['Louis Armstrong', 'Earl Hines']","['19eLuQmk9aCobbVDHc6eek', '2mY5u4CceAPrpBnse1WpFr']",1923,0.831,0.262,8,-12.386,1,0.0942,0.984,0.912,0.204,0.901,104.606,4
2AZgaYZSwUosJD71J2N2Zo,'Tain't Nobody's Bizness If I Do,30,206600,0,['Bessie Smith'],['5ESobCkc6JI4tIMxQttqeg'],1923,0.537,0.0443,3,-16.474,0,0.0343,0.996,0.000265,0.152,0.137,80.468,4
7lRFR5GJCxK87ZbVMtQSeS,Ain't Misbehavin',28,192600,0,['Louis Armstrong'],['19eLuQmk9aCobbVDHc6eek'],1923,0.665,0.254,8,-9.879,1,0.108,0.976,0.00217,0.644,0.503,125.734,4
6XTvSCqGLLH0vzQQRn55hz,"Empty Bed Blues, Pt. 1",27,181173,0,['Bessie Smith'],['5ESobCkc6JI4tIMxQttqeg'],1923,0.709,0.062,5,-12.207,1,0.048,0.995,0.00341,0.12,0.553,85.854,4
6qRvnXftofjYJm1Mg98UWL,Need a Little Sugar in My Bowl,27,167640,0,['Bessie Smith'],['5ESobCkc6JI4tIMxQttqeg'],1923,0.693,0.027,0,-13.506,0,0.0562,0.992,0,0.134,0.402,75.749,4
0V1iYWPXCBTaB6dhbiprGF,Send Me to the 'Lectric Chair,26,201480,0,['Bessie Smith'],['5ESobCkc6JI4tIMxQttqeg'],1923,0.771,0.0905,3,-7.788,1,0.0613,0.986,0.000141,0.152,0.601,87.571,4
6sOKopKyVWwEJKh8zztYp5,Young Woman's Blues,25,187960,0,['Bessie Smith'],['5ESobCkc6JI4tIMxQttqeg'],1923,0.525,0.232,8,-7.649,1,0.0335,0.995,0.0181,0.461,0.411,76.14,4
0rUf1j43orpfi6f4LbVo8D,Careless Love,25,205053,0,['Bessie Smith'],['5ESobCkc6JI4tIMxQttqeg'],1923,0.587,0.175,2,-9.935,1,0.0384,0.992,0.000318,0.073,0.483,98.523,4
1yjck0Owf0HfhY5kWHiXIQ,Me and My Gin,23,169960,0,['Bessie Smith'],['5ESobCkc6JI4tIMxQttqeg'],1923,0.71,0.0735,5,-12.526,1,0.0488,0.99,0,0.0941,0.494,90.917,4
2ivh0kwd7QIViw6YqDPdBA,Blue Yodel No. 9,23,157373,0,['Jimmie Rodgers'],['0Y0ZlznP6vzTS1qAm5dvTN'],1923,0.76,0.251,3,-11.491,1,0.0602,0.969,0.00000243,0.0561,0.735,108.456,4
50zXyjVdFb3xAr3hnyYYn1,St. Louis Blues,23,189600,0,"['Bessie Smith', 'Louis Armstrong']","['5ESobCkc6JI4tIMxQttqeg', '19eLuQmk9aCobbVDHc6eek']",1923,0.355,0.114,10,-15.968,1,0.0588,0.991,0.00686,0.108,0.258,69.902,4
4ejUoPIMggFTVrAyvodqJQ,St. Louis Blues (with Louis Armstrong),23,190107,0,"['Bessie Smith', 'Louis Armstrong']","['5ESobCkc6JI4tIMxQttqeg', '19eLuQmk9aCobbVDHc6eek']",1923,0.408,0.145,10,-10.99,1,0.0501,0.994,0.0000473,0.138,0.294,68.8,4
2gyqc4p3WoxKsc6zaXF4hM,Backwater Blues,22,198053,0,['Bessie Smith'],['5ESobCkc6JI4tIMxQttqeg'],1923,0.516,0.146,2,-8.985,1,0.0454,0.993,0.0223,0.172,0.412,71.144,3
5lpBC66XQzpVDJuknDUuZd,Baby Won't You Please Come Home,22,176067,0,['Bessie Smith'],['5ESobCkc6JI4tIMxQttqeg'],1923,0.683,0.0534,0,-16.704,1,0.0356,0.996,0.000335,0.141,0.44,79.488,4
1xEEYhWxT4WhDQdxfPCT8D,Snake Rag,20,194533,0,"[""King Oliver's Creole Jazz Band""]",['08Zk65toyJllap1MnzljxZ'],1923,0.708,0.361,0,-11.764,0,0.0441,0.994,0.883,0.103,0.902,105.695,4
4ep3h4btBtuxsNeLFVzq5A,West End Blues,18,195400,0,['Louis Armstrong & His Hot Five'],['0t4VVR2T9Sb0z3NdDdEU6S'],1923,0.621,0.274,3,-12.094,1,0.0514,0.986,0.63,0.113,0.523,84.788,4
6ktCV1ZtqlnXQeRFQvcXON,Down Hearted Blues,17,205440,0,['Bessie Smith'],['5ESobCkc6JI4tIMxQttqeg'],1923,0.491,0.0583,0,-17.785,1,0.0431,0.996,0.376,0.137,0.556,166.27,4
6N1wS1e5bMOubmVtkDLNrt,Gimme a Pigfoot and a Bottle of Beer,16,208827,0,['Bessie Smith'],['5ESobCkc6JI4tIMxQttqeg'],1923,0.691,0.198,7,-11.164,0,0.0784,0.971,0.00888,0.154,0.558,103.901,4
7GRsQLXMzDHYb8zZAnMCDK,Sobbin' Hearted Blues,15,180533,0,"['Bessie Smith', 'Louis Armstrong']","['5ESobCkc6JI4tIMxQttqeg', '19eLuQmk9aCobbVDHc6eek']",1923,0.415,0.0795,0,-19.172,1,0.0908,0.995,0.0000373,0.426,0.443,74.683,4
08XPnovoMlLsFB3LDGq0rX,Muggles,14,168533,0,['Louis Armstrong & His Hot Five'],['0t4VVR2T9Sb0z3NdDdEU6S'],1923,0.586,0.113,10,-12.211,1,0.0607,0.989,0.276,0.181,0.484,85.235,4
3rauXVLOOM5BlxWqUcDpkg,Chimes Blues,14,170827,0,"[""King Oliver's Creole Jazz Band""]",['08Zk65toyJllap1MnzljxZ'],1923,0.546,0.189,0,-15.984,1,0.0581,0.996,0.908,0.339,0.554,80.318,4
5WlMyDvyQedom0kQ3MCTow,Lazy River,14,182707,0,['Louis Armstrong'],['19eLuQmk9aCobbVDHc6eek'],1923,0.571,0.269,4,-11.728,0,0.067,0.96,0.0129,0.121,0.49,101.845,4
1UdqHVRFYMZKU2Q7xkLtYc,Pickin' On Your Baby,11,197493,0,"[""Clarence Williams' Blue Five""]",['6RuQvIr0t0otZHnAxXTGkm'],1923,0.52,0.153,0,-14.042,1,0.044,0.995,0.131,0.353,0.319,102.937,4
0F5F4GWA0Tz1ebZlLar2wG,Work House Blues,11,201267,0,['Bessie Smith'],['5ESobCkc6JI4tIMxQttqeg'],1923,0.417,0.0498,5,-13.523,1,0.0344,0.996,0.123,0.169,0.411,78.663,4
0Vl2DO5U6FjgBpzCtBN3OA,Everybody Loves My Baby,10,152507,0,"[""Clarence Williams' Blue Five""]",['6RuQvIr0t0otZHnAxXTGkm'],1923,0.514,0.193,2,-13.92,0,0.238,0.996,0.199,0.248,0.665,180.674,4
1h0wyCVd12PDSd6CLoGaVL,Preachin' the Blues,11,171027,0,['Bessie Smith'],['5ESobCkc6JI4tIMxQttqeg'],1923,0.703,0.185,8,-8.325,1,0.0441,0.993,0.00209,0.22,0.491,104.916,4
2CStrJiuFeHNS84A3kaT8s,Black Mountain Blues,10,187507,0,['Bessie Smith'],['5ESobCkc6JI4tIMxQttqeg'],1923,0.641,0.063,0,-12.193,1,0.0727,0.995,0.00000221,0.153,0.609,65.673,3
3U6L5KW48YOsksN9Qvlydl,I've Got The World On A String,11,195000,0,['Louis Armstrong'],['19eLuQmk9aCobbVDHc6eek'],1923,0.544,0.181,5,-11.729,1,0.0387,0.985,0.0256,0.401,0.411,129.803,4
3tkC9PMf19ffJlh65EdANg,You've Been a Good Old Wagon,10,208360,0,['Bessie Smith'],['5ESobCkc6JI4tIMxQttqeg'],1923,0.602,0.132,0,-11.319,1,0.0532,0.996,0.025,0.164,0.351,77.087,4
527J3xtyY4MdrpKtWcJNtL,Long Old Road,11,206253,0,['Bessie Smith'],['5ESobCkc6JI4tIMxQttqeg'],1923,0.557,0.0792,0,-13.094,1,0.0541,0.991,0,0.186,0.494,79.768,4
5SvyP1ZeJX1jA7AOZD08NA,Tears,10,187227,0,"[""King Oliver's Creole Jazz Band""]",['08Zk65toyJllap1MnzljxZ'],1923,0.359,0.357,3,-11.81,1,0.0511,0.994,0.819,0.29,0.753,205.053,4
7qxfKQ5qlcunexI4f0qifa,There'll Be a Hot Time in the Old Town Tonight,10,199213,0,['Bessie Smith'],['5ESobCkc6JI4tIMxQttqeg'],1923,0.72,0.214,7,-6.571,0,0.07,0.99,0.00000603,0.148,0.58,82.921,4
1L0puqUCoINHyHjzzWXrHC,A Monday Date,8,192027,0,['Louis Armstrong & His Hot Seven'],['267SHEPfqnF16IEmwbLhLQ'],1923,0.745,0.396,0,-10.57,1,0.481,0.971,0.00179,0.238,0.751,117.753,4
1mngGai1eXbHcBXuA6Z4jZ,I'm A Ding Dong Daddy,8,187627,0,['Louis Armstrong & His Sebastian New Cotton Club Orchestra'],['0ceJesJTMQFYalVhYf4aed'],1923,0.759,0.454,5,-11.245,1,0.0822,0.98,0.81,0.18,0.889,109.79,4
1v6v5llnekLbreJYIRfkKc,Chicago Breakdown,8,203307,0,['Louis Armstrong'],['19eLuQmk9aCobbVDHc6eek'],1923,0.604,0.325,10,-10.48,1,0.213,0.985,0.84,0.195,0.629,168.506,4
20VPM7ePvpxTQyZFjOiP1g,Beau Koo Jack,9,177240,0,['Louis Armstrong & His Hot Five'],['0t4VVR2T9Sb0z3NdDdEU6S'],1923,0.733,0.418,3,-12.287,1,0.0765,0.949,0.792,0.229,0.961,121.289,4
2AYdjRjSm49s6MFZiSlcSX,"Empty Bed Blues, Pt. 2",10,200093,0,['Bessie Smith'],['5ESobCkc6JI4tIMxQttqeg'],1923,0.8,0.0466,5,-12.145,1,0.0578,0.994,0.000165,0.111,0.489,84.544,4
300WVfsVnOUJM2KXAm9IGS,Stardust,8,205533,0,['Louis Armstrong'],['19eLuQmk9aCobbVDHc6eek'],1923,0.717,0.209,1,-13.224,1,0.0622,0.979,0.439,0.0609,0.889,127.401,4
3IL7X89mdAJ4ISGrGXi3sB,Texas Moaner Blues - 78rpm Version,8,186427,0,"[""Clarence Williams' Blue Five""]",['6RuQvIr0t0otZHnAxXTGkm'],1923,0.519,0.272,11,-15.573,1,0.0627,0.995,0.783,0.351,0.469,80.523,4
4FINjzgcPjqR2PPpnWrCKF,Heebie Jeebies,8,172493,0,['Louis Armstrong & His Hot Five'],['0t4VVR2T9Sb0z3NdDdEU6S'],1923,0.63,0.232,8,-13.627,1,0.0569,0.995,0.00627,0.124,0.59,164.027,4
4GOd9yNQrpl6omACRgvCX2,Song of the Islands,8,208200,0,['Louis Armstrong'],['19eLuQmk9aCobbVDHc6eek'],1923,0.603,0.13,8,-13.74,1,0.0426,0.976,0.765,0.0943,0.381,143.497,4
5bfjNeQIU43IJPNY6c56fB,Hotter Than That,8,179667,0,['Louis Armstrong & His Hot Seven'],['267SHEPfqnF16IEmwbLhLQ'],1923,0.792,0.321,8,-15.633,1,0.131,0.973,0.795,0.129,0.854,108.607,4
02smo7WfO95Ww8MZw06h1p,Gut Bucket Blues,6,161800,0,['Louis Armstrong & His Hot Five'],['0t4VVR2T9Sb0z3NdDdEU6S'],1923,0.602,0.216,0,-12.264,1,0.0676,0.996,0.524,0.0973,0.716,146.183,3
06Q9isDLNDaHJNPa5lM4Cg,Struttin'With Some Barbecue,5,179840,0,['Louis Armstrong'],['19eLuQmk9aCobbVDHc6eek'],1923,0.726,0.212,8,-14.744,1,0.126,0.963,0.688,0.0798,0.825,97.21,4
0HUCWtOLhJhXwSRn6pvzQC,Skid-Dat-De-Dat,6,181027,0,['Louis Armstrong & His Hot Five'],['0t4VVR2T9Sb0z3NdDdEU6S'],1923,0.658,0.0841,5,-14.759,1,0.0496,0.994,0.767,0.088,0.504,121.494,4
180gKK9WXgetU7EAxhCn7t,You Can't Shush Katie,7,183200,0,"[""Clarence Williams' Blue Five""]",['6RuQvIr0t0otZHnAxXTGkm'],1923,0.713,0.231,7,-13.375,1,0.067,0.995,0,0.436,0.675,108.482,4
18NiVMY4Fz6MjnhrX8xFiM,That Rhythm Man,5,180600,0,['Louis Armstrong'],['19eLuQmk9aCobbVDHc6eek'],1923,0.719,0.388,1,-11.337,1,0.154,0.97,0.526,0.132,0.806,118.272,4
1h0lfbm5uARsmDAkBikqfz,Memories Of You,5,191800,0,['Louis Armstrong & His Sebastian New Cotton Club Orchestra'],['0ceJesJTMQFYalVhYf4aed'],1923,0.615,0.13,3,-15.372,1,0.0466,0.992,0.0805,0.146,0.256,108.873,4
1t2zq9TXj7mlSX8fcKwCbm,Blue Again,5,187707,0,['Louis Armstrong'],['19eLuQmk9aCobbVDHc6eek'],1923,0.598,0.31,5,-10.794,1,0.0714,0.978,0.0337,0.0766,0.537,110.346,4
2DAK09fP0bobALaArOEeCI,(What Did I Do to Be So) Black and Blue,5,180307,0,['Louis Armstrong'],['19eLuQmk9aCobbVDHc6eek'],1923,0.681,0.188,0,-12.133,1,0.0482,0.988,0.00732,0.345,0.387,103.095,4
2GnYkuVM8jQh4sFGGmDfcV,Weary Blues,5,177307,0,['Louis Armstrong & His Hot Seven'],['267SHEPfqnF16IEmwbLhLQ'],1923,0.573,0.246,5,-13.553,1,0.224,0.907,0.867,0.0752,0.965,205.419,4
2SRy24tTjBERSmb3FHqzdb,On The Sunny Side Of The Street - Part 1,5,174373,0,['Louis Armstrong'],['19eLuQmk9aCobbVDHc6eek'],1923,0.585,0.228,0,-11.651,1,0.0475,0.989,0.00000855,0.55,0.576,98.685,1
2cmUadaXBixJGY2x87EMOa,Anybody Here Want to Try My Cabbage?,7,199293,0,['Maggie Jones'],['7EwPtp3HM2j3uiexxubIU8'],1923,0.584,0.201,9,-13.271,0,0.0575,0.976,0,0.689,0.58,82.549,4
2n13QpmPEINmoTLUAlLCd7,King Of The Zulas,5,183133,0,['Louis Armstrong & His Hot Five'],['0t4VVR2T9Sb0z3NdDdEU6S'],1923,0.536,0.168,2,-15.701,1,0.114,0.994,0.121,0.29,0.554,169.061,4
2nwxT2BLHn5NjQj0wuEXAu,Between The Devil And The Deep Blue Sea,5,176400,0,['Louis Armstrong'],['19eLuQmk9aCobbVDHc6eek'],1923,0.625,0.203,5,-12.257,1,0.077,0.937,0.0208,0.0868,0.741,133.909,4
31N4so4BNr6e0Hz2NtmU33,"Stomp Off, Let's Go",6,174893,0,"[""Erskine Tate's Vendome Orchestra""]",['5WEy7rY6Km6Qr6hNHHIqko'],1923,0.692,0.477,8,-13.342,1,0.363,0.994,0.929,0.369,0.96,118.604,4
377bagPbNQx6K6RKjuUFQ3,Skip The Gutter,5,184133,0,['Louis Armstrong & His Hot Five'],['0t4VVR2T9Sb0z3NdDdEU6S'],1923,0.653,0.131,8,-19.164,1,0.0628,0.977,0.733,0.6,0.593,124.1,4
3DzcB6weYL3L7oRNmsJCaV,No One Else But You,6,201267,0,['Louis Armstrong & His Savoy Ballroom Five'],['1TxfZgmlWImcpYwIP8F157'],1923,0.496,0.311,5,-11.202,1,0.124,0.923,0.0127,0.252,0.718,191.035,4
3GuVFPnSVW036wmwUrXQ9Q,Changeable Daddy Of Mine,6,161560,0,['Margaret Johnson'],['0M4frxvpsMfTnxQLxgMUQ0'],1923,0.583,0.214,10,-13.687,1,0.0423,0.994,0.000033,0.446,0.647,101.916,4
3MUeRkKpLxxyRFzqMTj1HY,"Chinatown, My Chinatown",5,193667,0,['Louis Armstrong'],['19eLuQmk9aCobbVDHc6eek'],1923,0.562,0.525,3,-8.992,1,0.142,0.945,0.0949,0.129,0.794,158.373,4
3pcaFPeiPvuLD46XTuVNiF,Symphonic Raps,5,191400,0,"[""Carroll Dickerson's Savoyagers""]",['5erkc9lY3oRsWXctqjvqrC'],1923,0.78,0.368,5,-13.855,1,0.0958,0.98,0.907,0.0798,0.957,115.401,4
3tlygdsn8Jl6D0XA7RRslx,Sweethearts On Parade,6,197000,0,['Louis Armstrong & His Sebastian New Cotton Club Orchestra'],['0ceJesJTMQFYalVhYf4aed'],1923,0.606,0.261,10,-13.995,1,0.0679,0.968,0.124,0.12,0.657,128.025,4
3yJC2QZqAm1i2wSob2Cpyv,Alone At Last,5,191173,0,['The Southern Serenaders'],['6aBqqbACwuEo7wFkex4zA1'],1923,0.66,0.184,10,-13.993,1,0.0322,0.996,0.941,0.305,0.43,107.328,4
43WZyNbzOJOnKQStu8if8E,St. Louis Blues - Alternate Take B,5,176333,0,['Louis Armstrong'],['19eLuQmk9aCobbVDHc6eek'],1923,0.68,0.47,11,-8.644,0,0.11,0.912,0.907,0.0819,0.946,181.038,4
46ddI0x8tLiOjDFqb2TQ5R,Papa De Da Da,7,178827,0,"[""Clarence Williams' Blue Five""]",['6RuQvIr0t0otZHnAxXTGkm'],1923,0.673,0.132,10,-15.685,1,0.0771,0.995,0.108,0.26,0.587,105.5,4
4Bk8r390pyafdSPtWoUKwz,I Must Have That Man,5,191307,0,['Lillie Delk Christian'],['70dErSfvbf7mmBdroUIyvf'],1923,0.851,0.221,8,-12.89,0,0.0932,0.953,0.00000736,0.0692,0.651,116.444,4
4E0HHRQlEdBFhsQHrKWXRR,When You're Smiling - Non Vocal Take,6,169733,0,['Louis Armstrong'],['19eLuQmk9aCobbVDHc6eek'],1923,0.5,0.193,10,-10.373,1,0.0347,0.984,0.744,0.227,0.624,147.29,4
4Ewzp7BFfvcXofZnvrYwFx,I Can't Give You Anything But Love,5,213000,0,['Louis Armstrong & His Savoy Ballroom Five'],['1TxfZgmlWImcpYwIP8F157'],1923,0.66,0.118,7,-13.172,1,0.0648,0.951,0.452,0.0841,0.577,108.305,4
4PD69KQwh9GccLW2647tTL,Gully Low Blues,6,194293,0,['Louis Armstrong & His Hot Seven'],['267SHEPfqnF16IEmwbLhLQ'],1923,0.679,0.144,3,-14.081,1,0.0975,0.933,0.168,0.0915,0.82,108.832,4
4m1Th0JSQkevDsHiOpoxlQ,Basin Street Blues - rec. 1928,6,197067,0,['Louis Armstrong & His Hot Five'],['0t4VVR2T9Sb0z3NdDdEU6S'],1923,0.561,0.353,10,-9.617,1,0.0538,0.971,0.13,0.922,0.514,107.711,4
4qTkOBmwGFamB3V9QEFwDS,When Your Lover Has Gone,5,184533,0,['Louis Armstrong'],['19eLuQmk9aCobbVDHc6eek'],1923,0.454,0.233,7,-11.394,0,0.0433,0.968,0.0333,0.218,0.496,119.956,4
4t1G1nGmPOms95TB9wz8FF,Naughty Man,7,179360,0,['Fletcher Henderson & His Orchestra'],['3ZeU30PhqVBalNYg2SFNZN'],1923,0.59,0.268,3,-14.313,1,0.0725,0.995,0.252,0.646,0.848,189.266,4
4ubnmGMXNLgQpj5YKoldMm,Sugar Foot Stomp,7,169267,0,['Fletcher Henderson & His Orchestra'],['3ZeU30PhqVBalNYg2SFNZN'],1923,0.78,0.207,10,-14.127,1,0.0771,0.983,0.0291,0.101,0.879,100.376,4
4yZ7B7yoMjDMH4oInYA36l,Mahogany Hall Stomp,7,194227,0,['Louis Armstrong'],['19eLuQmk9aCobbVDHc6eek'],1923,0.642,0.274,3,-9.874,1,0.101,0.83,0.898,0.0398,0.767,184.923,4
5CwOaZmAAsFfbQ5qCKS6sn,I'm Confessin' (That I Love You),7,201200,0,['Louis Armstrong & His Sebastian New Cotton Club Orchestra'],['0ceJesJTMQFYalVhYf4aed'],1923,0.479,0.14,3,-14.753,1,0.0725,0.988,0.65,0.153,0.415,81.674,4
5EFXgEnibXPumWosZtJqkx,I Can't Believe That You're In Love With Me,6,183800,0,['Louis Armstrong'],['19eLuQmk9aCobbVDHc6eek'],1923,0.579,0.204,0,-12.634,1,0.0804,0.928,0.00459,0.0901,0.75,154.333,4
5EMxMmB4iSzA8jMNgLcTtO,Song Of The Vipers,5,171533,0,['Louis Armstrong'],['19eLuQmk9aCobbVDHc6eek'],1923,0.553,0.255,10,-8.575,1,0.0874,0.975,0.804,0.531,0.638,181.769,4
5SM5voPROPhpgLuqRpGnNp,Good Time Flat Blues,6,192200,0,['Maggie Jones'],['7EwPtp3HM2j3uiexxubIU8'],1923,0.551,0.196,0,-14.692,1,0.0594,0.995,0.00325,0.384,0.534,76.598,4
5WfYFtwzOo8Ne7DA1qhtWl,Cake Walking Babies (From Home),6,175573,0,"[""Clarence Williams' Blue Five""]",['6RuQvIr0t0otZHnAxXTGkm'],1923,0.634,0.435,7,-12.422,0,0.0474,0.995,0.881,0.204,0.84,121.516,4
5c6hPSOnuiLnTve5b9s7ZS,Potato Head Blues,7,175227,0,['Louis Armstrong & His Hot Seven'],['267SHEPfqnF16IEmwbLhLQ'],1923,0.587,0.29,5,-10.463,1,0.177,0.936,0.254,0.115,0.929,183.352,4
5eXOIVUkW17FqnEoLR2wTX,Stardust,5,213667,0,['Louis Armstrong'],['19eLuQmk9aCobbVDHc6eek'],1923,0.614,0.298,3,-11.004,0,0.0541,0.97,0.646,0.0514,0.772,122.319,4
5pIiw01BoIPnkQQI1AZHQL,T.N.T.,7,171373,0,['Fletcher Henderson & His Orchestra'],['3ZeU30PhqVBalNYg2SFNZN'],1923,0.809,0.408,1,-12.035,1,0.0846,0.942,0.0398,0.307,0.89,113.494,4
5rgmvqVTH38BKIhzEHanMq,Low Land Blues,5,172973,0,"['Bertha ""Chippie"" Hill']",['1sPDyROEgOvKQlReOg874E'],1923,0.492,0.115,9,-15.788,1,0.0898,0.98,0,0.037,0.465,172.971,4
6JLKiy1LMbmYY8JOM38UR9,Cornet Chop Suey,5,194267,0,['Louis Armstrong & His Hot Five'],['0t4VVR2T9Sb0z3NdDdEU6S'],1923,0.558,0.19,3,-14.621,1,0.0869,0.995,0.572,0.113,0.692,170.066,4
6TBNeFMHsIarzHz8cz74KA,Too Busy,5,173173,0,['Lillie Delk Christian'],['70dErSfvbf7mmBdroUIyvf'],1923,0.603,0.286,7,-13.73,1,0.0806,0.99,0.000713,0.0682,0.882,176.566,4
6azxqS9u7eO5DslqJCWMNd,Knockin' A Jug - 78 rpm Version,6,193760,0,['Louis Armstrong'],['19eLuQmk9aCobbVDHc6eek'],1923,0.788,0.395,10,-14.032,1,0.301,0.882,0.844,0.124,0.676,113.336,4
7H5X09Fl9MN0FhICH4TSF6,Listen To Ma,5,198467,0,"['Hociel Thomas', 'Louis Armstrong']","['0bygS9pra5BkFbVaKwHVqw', '19eLuQmk9aCobbVDHc6eek']",1923,0.536,0.128,2,-13.093,1,0.0435,0.988,0,0.314,0.564,91.937,4
00osj4z3S7XekDAuQVChIu,Chapter 1.10 - Król Maciuś Pierwszy,0,128900,0,['Janusz Korczak'],['4hLtcEEpjCmBtTnDdzRV4J'],1923-12-27,0.698,0.29,1,-19.408,0,0.954,0.819,0,0.326,0.801,72.893,4
01BTcfGn8BF6ezah92vKyz,Chapter 10.4 - Król Maciuś Pierwszy,0,126600,0,['Janusz Korczak'],['4hLtcEEpjCmBtTnDdzRV4J'],1923-12-27,0.61,0.214,1,-19.986,1,0.958,0.767,0,0.16,0.771,187.388,3
01lXmkENsxJJzkco2mcVTi,Chapter 5.15 - Król Maciuś na wyspie bezludnej,0,128800,0,['Janusz Korczak'],['4hLtcEEpjCmBtTnDdzRV4J'],1923-12-27,0.662,0.161,1,-22.15,1,0.944,0.66,0.00000107,0.118,0.655,94.664,4
02J9nBVAnBTQkBObYuMoVH,Chapter 5.21 & Chapter 6.1 - Król Maciuś na wyspie bezludnej,0,147400,0,['Janusz Korczak'],['4hLtcEEpjCmBtTnDdzRV4J'],1923-12-27,0.719,0.238,8,-18.401,1,0.929,0.668,0,0.135,0.621,118.615,4
03g4RX0WDEnJ9KDs5aa73z,Chapter 7.20 & Chapter 8.1 - Król Maciuś Pierwszy,0,140900,0,['Janusz Korczak'],['4hLtcEEpjCmBtTnDdzRV4J'],1923-12-27,0.613,0.238,6,-20.405,1,0.956,0.835,0,0.362,0.785,64.971,4
04jqhYBmxWLKlZ9ggYxOah,Chapter 9.11 - Król Maciuś Pierwszy,0,152000,0,['Janusz Korczak'],['4hLtcEEpjCmBtTnDdzRV4J'],1923-12-27,0.715,0.229,1,-19.384,1,0.937,0.724,0,0.15,0.683,126.104,1
07rwzJ4beSPUpljKx9jpn6,Chapter 2.13 - Król Maciuś na wyspie bezludnej,0,148300,0,['Janusz Korczak'],['4hLtcEEpjCmBtTnDdzRV4J'],1923-12-27,0.675,0.293,5,-17.57,1,0.948,0.9,0,0.262,0.742,146.67,3
08ie5iqXXqWU0x1FVb2bAy,Chapter 1.6 - Król Maciuś na wyspie bezludnej,0,133600,0,['Janusz Korczak'],['4hLtcEEpjCmBtTnDdzRV4J'],1923-12-27,0.699,0.245,1,-20.119,1,0.946,0.702,0,0.152,0.723,90.397,4
0Ai126YgdNANSa8etSr2r1,Chapter 2.21 & Chapter 3.1 - Król Maciuś Pierwszy,0,132200,0,['Janusz Korczak'],['4hLtcEEpjCmBtTnDdzRV4J'],1923-12-27,0.691,0.18,1,-20.988,1,0.95,0.649,0,0.168,0.67,49.688,4
0CvmUvqBk83K7aD1FitfXn,Sol Mio - Remasterizado,0,172187,0,['Francisco Canaro'],['2maQMqxNnlRrBrS1oAsrX9'],1923-07-09,0.501,0.39,2,-14.475,1,0.05,0.995,0.963,0.173,0.807,83.162,4
0DwsyNFrOKmKZobZ2q5gHv,Chapter 1.13 - Król Maciuś Pierwszy,0,141300,0,['Janusz Korczak'],['4hLtcEEpjCmBtTnDdzRV4J'],1923-12-27,0.751,0.257,5,-18.824,0,0.931,0.742,0,0.375,0.803,109.527,5
0FKXiIKpbpwYC25lZPCidt,Chapter 5.4 - Król Maciuś Pierwszy,0,136200,0,['Janusz Korczak'],['4hLtcEEpjCmBtTnDdzRV4J'],1923-12-27,0.641,0.236,1,-18.421,1,0.957,0.828,0,0.409,0.637,86.508,3
